ID,Type,SKU,Name,Short description,Description,Regular price,Images,Source URL,Source Site
,simple,AWDP-TEG-1-3-8-WOOD-DIVIDED-LITE-MUNTIN-B,1 3/8″ Wood Divided Lite Muntin Bar with Tape,,"This replacement component is engineered for reliable performance and long-term durability. It installs cleanly and supports smooth operation in a wide range of window and door systems. **For questions or concerns, please contact info@truthentrygard.com Designed for consistent fit and dependable function in residential and commercial applications.",5.95,,https://truthentrygard.com/product/1-3-8-wood-divided-lite-muntin-bar-with-tape/,truthentrygard
,simple,AWDP-TEG-1-ALUMINUM-DIVIDED-LITE-MUNTIN-B,1″ Aluminum Divided Lite Muntin Bar with Tape,,"This replacement component is engineered for reliable performance and long-term durability. It installs cleanly and supports smooth operation in a wide range of window and door systems. Description Elevate the charm of your windows with our ″ Aluminum Divided Lite Muntin Bar with Tape, a timeless addition to any home. Priced per foot for lengths up to  feet, these muntin bars offer both elegance and practicality. Select your desired color to seamlessly integrate with your window frame, enhancing the architectural appeal of your space. Choose from our standard color options for a perfect match, or inquire about our custom color offerings for a personalized touch. Crafted with precision and durability in mind, our muntin bars add character and style to your windows, transforming them into focal points of beauty and sophistication. Experience the perfect blend of craftsmanship, customization, and quality today. Designed for consistent fit and dependable function in residential and commercial applications.",17.66,,https://truthentrygard.com/product/1-aluminum-divided-lite-muntin-bar-with-tape/,truthentrygard
,simple,AWDP-TEG-2R-WINDOW-LIMIT-DEVICE,2R Window Limit Device,,This replacement component is engineered for reliable performance and long-term durability. It installs cleanly and supports smooth operation in a wide range of window and door systems. GOT QUESTIONS?! Contact us: info@truthentrygard.com Designed for consistent fit and dependable function in residential and commercial applications.,135.88,,https://truthentrygard.com/product/2r-window-limit-device/,truthentrygard
,simple,AWDP-TEG-1-3-8-ALUMINUM-DIVIDED-LITE-MUNT,1 3/8″ Aluminum Divided Lite Muntin Bar with Tape,,"This replacement component is engineered for reliable performance and long-term durability. It installs cleanly and supports smooth operation in a wide range of window and door systems. **For questions or concerns, please contact info@truthentrygard.com Designed for consistent fit and dependable function in residential and commercial applications.",23.88,,https://truthentrygard.com/product/1-3-8-aluminum-divided-lite-muntin-bar-with-tape/,truthentrygard
,simple,AWDP-TEG-ANDERSON-ANDERSEN-WINDOW-DOOR-RE,Anderson Andersen Window Door Replacement Hardware Parts Free ID Help,,"This replacement component is engineered for reliable performance and long-term durability. It installs cleanly and supports smooth operation in a wide range of window and door systems. Description this component | Anderson | Gliding / Sliding / Slider – Patio Doors, Hinged Patio Doors Inswing / outswing, Outswing Patio Doors, sliding glass doors,  Series Frenchwood, Gliding Patio Door  Series,  to Present,  Series Perma-Shield Gliding Patio Doors, Perma-Shield, Patio Door  to Present ,  Series Narroline,  to Present, natural wood interior and vinyl exterior ,  Series Gliding Patio Doors – Hardware and Trim Sets, Handles, Replacement Parts, Locks, Weather Strip, Seals, Wheels, Rollers, and More. Screen Rollers, Hardware Handle Sets, Packages, Encino, Yuma, Newbury, CadBerry, Whitmore, Whitemore, Covington, Traditional, Anvers, Answers, Contemporary Styles, Tribeca, Trifecta, Albany, and Classic looking; this component | Anderson Gliding Patio Door Rollers |  | Dual Wheel Roller Replacements | Parts | tandem roller sets | Patio Door Roller for Tall Panels |  |  | Gliding door tandem roller sets | Insect Screen Wheel Assembly Parts |  | Screen Wheels | Lower Wheel Assembly |  to  | ndersen Window Parts – Awning Window Parts , this component Double or Single Hung Window Parts, Hardware, Weatherstrip, Latches and Lifts, Gliding Basement & Utility Window Parts, this component Roof Window Window Parts, Patio Door Hardware Replacements, Rollers, Wheels, this component Gliding Patio Door weather strip, this component Hinged Patio Door Parts, this component outswing patio door parts, hinges, handles and lock sets, Top Selling Door Parts and Supplies, Aftermarket Parts for Anderson Windows and Doors. Prices Starting at $. Designed for consistent fit and dependable function in residential and commercial applications.",16.92,,https://truthentrygard.com/product/anderson-andersen-window-door-replacement-hardware-parts-free-id-help/,truthentrygard
,simple,AWDP-TEG-ASHLAND-DUAL-ARM-CASEMENT-WINDOW,Ashland Dual Arm Casement Window Operator Components,,This replacement component is engineered for reliable performance and long-term durability. It installs cleanly and supports smooth operation in a wide range of window and door systems. Got Questions? Not sure what you need? Feel free to email: info@truthentrygard.com NOT SURE WHAT YOU NEED?!? EMAIL PICTURES AND WE WILL GET YOU TAKEN CARE OF! Designed for consistent fit and dependable function in residential and commercial applications.,80.88,,https://truthentrygard.com/product/ashland-dual-arm-casement-window-operator-components/,truthentrygard
,simple,AWDP-TEG-ANDERSEN-WINDOW-SASH-PARTS-LOCKS,Andersen Window Sash Parts – Locks and Keepers,,This replacement component is engineered for reliable performance and long-term durability. It installs cleanly and supports smooth operation in a wide range of window and door systems. **EMAIL US For Current Pricing / Availability: Info@truthentrygard.com** Designed for consistent fit and dependable function in residential and commercial applications.,93.51,,https://truthentrygard.com/product/andersen-window-sash-parts-locks-and-keepers/,truthentrygard
,simple,AWDP-TEG-7-8-ALUMINUM-DIVIDED-LITE-MUNTIN,7/8″ Aluminum Divided Lite Muntin Bar with Tape,,"This replacement component is engineered for reliable performance and long-term durability. It installs cleanly and supports smooth operation in a wide range of window and door systems. **For questions or concerns, please contact info@truthentrygard.com Designed for consistent fit and dependable function in residential and commercial applications.",13.99,,https://truthentrygard.com/product/7-8-aluminum-divided-lite-muntin-bar-with-tape/,truthentrygard
,simple,AWDP-TEG-BIRCH-BUTTONS-TRIM-AND-FINISH-PA,Birch Buttons-Trim and Finish Parts,,This replacement component is engineered for reliable performance and long-term durability. It installs cleanly and supports smooth operation in a wide range of window and door systems. Used on fixed casement or double hung picture windows. Designed for consistent fit and dependable function in residential and commercial applications.,21.21,,https://truthentrygard.com/product/birch-buttons-biltbest-trim-and-finish-parts-12-pack/,truthentrygard
,simple,AWDP-TEG-AWNING-WINDOW-OPERATOR-PARTS-291,Awning Window Operator Parts | 29168 AWNING UNIT ASSEMBLY 28.75″,,"This replacement component is engineered for reliable performance and long-term durability. It installs cleanly and supports smooth operation in a wide range of window and door systems. For questions or concerns, please contact info@truthentrygard.com Designed for consistent fit and dependable function in residential and commercial applications.",207.91,,https://truthentrygard.com/product/awning-window-operator-parts-29168-awning-unit-assembly-28-75/,truthentrygard
,simple,AWDP-TEG-AWNING-AND-CASEMENT-WINDOW-WEATH,Awning and Casement Window Weatherstrip | Vertical and Frame,,"This replacement component is engineered for reliable performance and long-term durability. It installs cleanly and supports smooth operation in a wide range of window and door systems. For questions or concerns, please contact info@truthentrygard.com Designed for consistent fit and dependable function in residential and commercial applications.",84.88,,https://truthentrygard.com/product/awning-and-casement-window-weatherstrip-vertical-and-frame/,truthentrygard
,simple,AWDP-TEG-CAM-SASH-LOCK-ENTRYGARD-TRUTH-HA,CAM SASH LOCK | ENTRYGARD | TRUTH HARDWARE,,This replacement component is engineered for reliable performance and long-term durability. It installs cleanly and supports smooth operation in a wide range of window and door systems. GOT QUESTIONS?! Contact us at info@truthentrygard.com Designed for consistent fit and dependable function in residential and commercial applications.,32.22,,https://truthentrygard.com/product/cam-sash-lock-entrygard/,truthentrygard
,simple,AWDP-TEG-CARADCO-CONTOUR-HANDLE-AND-COVER,CARADCO CONTOUR HANDLE AND COVER,,This replacement component is engineered for reliable performance and long-term durability. It installs cleanly and supports smooth operation in a wide range of window and door systems. GOT QUESTIONS?! Contact us at info@truthentrygard.com Designed for consistent fit and dependable function in residential and commercial applications.,28.88,,https://truthentrygard.com/product/caradco-contour-handle-and-cover/,truthentrygard
,simple,AWDP-TEG-CASEMENT-AWNING-WINDOW-PARTS-FOA,Casement Awning Window Parts | Foam Seal Weatherstrip,,This replacement component is engineered for reliable performance and long-term durability. It installs cleanly and supports smooth operation in a wide range of window and door systems. HAVE QUESTIONS??? CONTACT INFO@TRUTHENTRYGARD.COM Designed for consistent fit and dependable function in residential and commercial applications.,1063.22,,https://truthentrygard.com/product/casement-awning-window-parts-foam-seal-weatherstrip/,truthentrygard
,simple,AWDP-TEG-CASEMENT-AWNING-WINDOW-REPLACEME,"Casement & Awning Window Replacement Parts | Operators, Cranks, Handles | Norco NorClad Jeld-Wen, Pozzi and Others",,"This replacement component is engineered for reliable performance and long-term durability. It installs cleanly and supports smooth operation in a wide range of window and door systems. Description Watch This Short Video .. Follow Instructions: Need Parts ID Help? .. send Pics & Info .. info@TruthEntryGard.com this component Hardware, EntryGard Patio Door Parts, Screen Door Rollers and Handles, Sliding Patio Door Hardware and Parts, Window Crank Handles and operators, All brands of Window Parts and Hardware for: ACME, AIR-MASTER, ALENCO, ALHOM, ALSCO, ANACONDA, ALUMA TRIM, ALWINSEAL, AMACOR, AMERICAN CRAFTSMAN AMERICAN WINDOW, this component, ANDERSON, ARCADIA, ATRIUM, BARBER & ROSS, BAYFORM, BELLHOUSE, BENCHMARK, BF-RICH BETTER-BILT, this component, BESTBILT, BINNINGS, BUILTBEST, BISHOP, BURCON, CAPITOL, CAPITAL, CARADCO, CHAMPION, COX CERTAINTEED, CHELSEA, COLUMBIA, CRAFTLINE, CRESTLINE, CRESTMARK, CROSSLY, DARYL, DAYTON, DECEUNINCK, DETROIT DEVAC, DORCHESTER, ECKER, EFCO, ENTRYGARD, ENTRYGUARD E-Z-ROLL, FENESTRA, FIBERLUX, FLOATAWAY, FLORIDA, EXTRUDERS FOCUS, POINT, GALLATIN, GAPCO, GENERAL, ALUMINUM, Bronze PALM, BEACH, GEZE, GRAHAM, G-U, HARDWARE, HARVEY, HEHR, HESS HOPPE, HOWARD, HURD, IDA, INTEGRITY, this component, JGR, JONES, JORDAN KAWNEER, KELLER, KENSINGTON, KINCO, KING, KINRO, KRESTMARK, L-P LAST RESORT, LAURENCE, LAWSON, LEALCO, LOOK, LOUISIANA, PACIFIC, LOXSCREEN, LUPTON, MALTA, MANNIX, this component, MERCURY, MERZON IND METAL IND, MI HOME PRODUCTS, MIKRON, MILCO, MILESTONE, NORCO MILLER, this component, MOSS, MW, NATIONAL, NORANDEX, NORTHERN, OLDACH PAN AM, PATRIOT, PEACHTREE, PECO, PEERLESS, this component, PENNCO, PGT PHILIPS, PHILLIPS, PH, PLYGEM, PORTALUME, POZZI, QUAKER, REHAU RELIANT, REMINGTON, REPCO, REPUBLIC, REYNOLDS, RIVCO, RIVERVIEW ROLLYSON, ROYAL, RUSCO, DAVIS, SEAL-MASTER, SEASONALL, SILVERLINE SLIMFOLD, SLOCOMB, SNE, STANLEY, STATEWIDE ALUMINUM, STEPHEN-LAURIE STORM-WEATHER, SUGAR-CREEK, SWS-IND, THERMALGARD, TRACO,  and Others from ’s, ’s, ’s, ’s, ’s and later; All this component and EntryGard Hardware Products, Patio Door Handles, Rollers and Wheels, Weatherstrip, Door Bottom sweeps, Casement, Awning, Single Hung and Double Hung Window Parts. Designed for consistent fit and dependable function in residential and commercial applications.",130.27,,https://truthentrygard.com/product/casement-awning-window-replacement-parts-operators-cranks-handles-norco-norclad-jeld-wen-pozzi-and-others/,truthentrygard
,simple,AWDP-TEG-CASEMENT-AND-AWNING-WINDOW-STYLE,Casement and Awning Window Styles – Narrow Sash Leaf Seals | Beige Tan | Home Owner Contractor Packs Available,,"This replacement component is engineered for reliable performance and long-term durability. It installs cleanly and supports smooth operation in a wide range of window and door systems. For questions or concerns, please contact info@truthentrygard.com Designed for consistent fit and dependable function in residential and commercial applications.",37.51,,https://truthentrygard.com/product/casement-and-awning-window-styles-narrow-sash-leaf-seals-beige-tan-home-owner-contractor-packs-available/,truthentrygard
,simple,AWDP-TEG-CASEMENT-OPERATOR-COVER-WITH-FOL,Casement Operator Cover with Folding Handle,,"This replacement component is engineered for reliable performance and long-term durability. It installs cleanly and supports smooth operation in a wide range of window and door systems. **For questions or concerns, please contact info@truthentrygard.com Designed for consistent fit and dependable function in residential and commercial applications.",45.42,,https://truthentrygard.com/product/casement-operator-cover-with-folding-handle/,truthentrygard
,simple,AWDP-TEG-CASEMENT-SILL-COVER,Casement Sill Cover,,"This replacement component is engineered for reliable performance and long-term durability. It installs cleanly and supports smooth operation in a wide range of window and door systems. For questions or concerns, please contact info@truthentrygard.com Designed for consistent fit and dependable function in residential and commercial applications.",100.46,,https://truthentrygard.com/product/casement-sill-cover/,truthentrygard
,simple,AWDP-TEG-CASEMENT-WINDOW-COMPLETE-WEATHER,Casement Window Complete Weather Strip Seal Kit #1672,,"This replacement component is engineered for reliable performance and long-term durability. It installs cleanly and supports smooth operation in a wide range of window and door systems. For questions or concerns, please contact info@truthentrygard.com Designed for consistent fit and dependable function in residential and commercial applications.",124.17,,https://truthentrygard.com/product/casement-window-complete-weather-strip-seal-kit-1672/,truthentrygard
,simple,AWDP-TEG-CASEMENT-WINDOW-LOCK-HANDLE-AND-,Casement Window – Lock Handle and Escutcheon,,"This replacement component is engineered for reliable performance and long-term durability. It installs cleanly and supports smooth operation in a wide range of window and door systems. **For questions or concerns, please contact info@truthentrygard.com Designed for consistent fit and dependable function in residential and commercial applications.",32.92,,https://truthentrygard.com/product/casement-window-lock-handle-and-escutcheon-2/,truthentrygard
,simple,AWDP-TEG-CASEMENT-WINDOW-OPERATORS-ELLIPS,Casement Window Operators – Ellipse Styles | All Colors All Finishes | All Lengths 7.5″ 9.5″ and 13.5″ Arm,,"This replacement component is engineered for reliable performance and long-term durability. It installs cleanly and supports smooth operation in a wide range of window and door systems. For questions or concerns, please contact info@truthentrygard.com Designed for consistent fit and dependable function in residential and commercial applications.",62.17,,https://truthentrygard.com/product/casement-window-operators-ellipse-styles-all-colors-all-finishes-all-lengths-7-5-9-5-and-13-5-arm/,truthentrygard
,simple,AWDP-TEG-CAV-REPLACEMENT-HARDWARE-TILT-SA,CAV Replacement Hardware-Tilt Sash Lock,,"This replacement component is engineered for reliable performance and long-term durability. It installs cleanly and supports smooth operation in a wide range of window and door systems. this component Hardware for the old window sash Tilt Lock and Keeper sets, Part # , CAV Finishes for Tilt-Out Double Hung / Single Hung Windows. Designed for consistent fit and dependable function in residential and commercial applications.",58.88,,https://truthentrygard.com/product/cav-replacement-hardware-pn-41131-tilt-sash-lock/,truthentrygard
,simple,AWDP-TEG-DOUBLE-HUNG-WINDOW-SASH-LOCK,Double Hung Window Sash Lock,,"This replacement component is engineered for reliable performance and long-term durability. It installs cleanly and supports smooth operation in a wide range of window and door systems. For questions or concerns, please contact info@truthentrygard.com Designed for consistent fit and dependable function in residential and commercial applications.",21.33,,https://truthentrygard.com/product/double-hinge-sash-lock/,truthentrygard
,simple,AWDP-TEG-DOUBLE-HUNG-WINDOW-SASH-TILT-PIN,Double Hung Window Sash Tilt Pins,,"This replacement component is engineered for reliable performance and long-term durability. It installs cleanly and supports smooth operation in a wide range of window and door systems. Description Secure your windows with ease using our Window Sash Tilt Pins, designed to provide reliable support and functionality for various window types. Each pack contains twelve () tilt pins, ensuring you have an ample supply for your window repair or renovation projects. With a minimum order of just one pack, you can conveniently stock up on these essential window components without committing to large quantities. Whether you’re a homeowner, contractor, or DIY enthusiast, our tilt pins are the perfect choice for enhancing the security and functionality of your windows. Designed for consistent fit and dependable function in residential and commercial applications.",63.97,,https://truthentrygard.com/product/double-hung-window-sash-tilt-pins/,truthentrygard
,simple,AWDP-TEG-ENCORE-SERIES-SILL-MOUNTED-SINGL,Encore Series Sill Mounted Single Arm Crank Operator,,This replacement component is engineered for reliable performance and long-term durability. It installs cleanly and supports smooth operation in a wide range of window and door systems. Got Questions? Not sure what you need? Feel free to email: info@truthentrygard.com NOT SURE WHAT YOU NEED?!? EMAIL PICTURES AND WE WILL GET YOU TAKEN CARE OF! Designed for consistent fit and dependable function in residential and commercial applications.,88.88,,https://truthentrygard.com/product/encore-series-sill-mounted-single-arm-crank-operator/,truthentrygard
,simple,AWDP-TEG-ENTRYGARD-AWNING-WINDOW-OPERATOR,Entrygard Awning Window Operator Assembly | Model: RL-168,,This replacement component is engineered for reliable performance and long-term durability. It installs cleanly and supports smooth operation in a wide range of window and door systems. Got Questions? Not sure what you need? Feel free to email: info@truthentrygard.com NOT SURE WHAT YOU NEED?!? EMAIL PICTURES AND WE WILL GET YOU TAKEN CARE OF! Designed for consistent fit and dependable function in residential and commercial applications.,151.23,,https://truthentrygard.com/product/entrygard-awning-window-operator-assembly-model-rl-168/,truthentrygard
,simple,AWDP-TEG-HARD-TO-FIND-OBSOLETE-RARE-OLD-D,Hard To Find Obsolete Rare Old Door Parts | Mortise Locks | Muti-Point Lock Parts,,"This replacement component is engineered for reliable performance and long-term durability. It installs cleanly and supports smooth operation in a wide range of window and door systems. Obsolete door parts, hard-to-find parts, Door parts, Mortise Locks, Multi-Point Locks, Multi Point Hardware, Door Replacement hardware, Locks, Hinges, repair parts, from the ’s, ’s, ’s, ’s, ’s, and ’s — with more than , replacement and hardware parts for doors. Designed for consistent fit and dependable function in residential and commercial applications.",188.9,,https://truthentrygard.com/product/hard-to-find-obsolete-rare-old-door-parts-mortise-locks-muti-point-lock-parts/,truthentrygard
,simple,AWDP-TEG-PATIO-DOOR-ADJUSTABLE-HINGE,Patio Door Adjustable Hinge,,This replacement component is engineered for reliable performance and long-term durability. It installs cleanly and supports smooth operation in a wide range of window and door systems. Please Specify LH or RH Hinged Patio Door Adjustable Hinge. Designed for consistent fit and dependable function in residential and commercial applications.,88.88,,https://truthentrygard.com/product/hinges-patio-door-adjustable-hinge/,truthentrygard
,simple,AWDP-TEG-KOLBE-WINDOW-DOOR-PARTS-HARDWARE,Kolbe Window Door Parts Hardware | Window and Door | Replacement Parts [KOLBE&KOLBE],,"This replacement component is engineered for reliable performance and long-term durability. It installs cleanly and supports smooth operation in a wide range of window and door systems. Description Kolbe Repair Products, Weather Strip, Glazing Bead, Casement Parts Old Kolbe & Kolbe Windows and Doors – Aluminum and Wood, Old Classic Windows and Doors, Old Casements and Old Awning Window Parts, Double Hungs and Single Hungs, Horizontal Sliders, Tilt-Turns, Accessories, Door Handles | Marvel electric window parts | Electric roof window and skylight operators | awning, casement, cottage and other window replacement parts starting at $ .. Send Pics and Details: Info@TruthEntryGard.com CASEMENT, AWNING & TILT-TURN WINDOW HARDWARE . VistaLuxe, Casement & Awning Hardware, Folding handles, Multi-point locking system operates with a single lever for convenience , Handle & Lock Colors: Matte Black, Satin Nickel , Stainless steel, exterior hardware, corrosion resistant, coastal hardware, seacoast hardware, Cranks, Handles, EP & XL Casement & Awning Hardware, Folding handles , Multi-point locks, levers, Handle & Locks, Sash Locks and Keepers, Clay, White, Beige, Matte Black, Rustic Umber, Bright Brass, Antique Brass, Satin Nickel, Antique Nickel , Operating Crank Window Arms, window operators, roto gear operatprs, concealed hinge pairs, hinge support arms, stainless steel, Oil-rubbed bronze, Push-Out Casement & Awning Hardware, Lever Handles, Single-point locks, Multi-point locks, Mortise Sets, Inswing Casement Parts, Tilt & Turn Hardware, Solid brass, Bright Brass, Handle sets, Multi-point locking hardware; Fall Protection Devices, French casements, DOUBLE HUNG WINDOW HARDWARE, Sash Locks, keepers, Top locks, sash lock with a dual-positioning lever, custodial sash locks and keys. Designed for consistent fit and dependable function in residential and commercial applications.",20.17,,https://truthentrygard.com/product/kolbe-window-door-parts-hardware-window-and-door-replacement-parts-kolbekolbe/,truthentrygard
,simple,AWDP-TEG-PELLA-WINDOWS-AND-DOORS-REPLACEM,Pella Windows and Doors: Replacement and Repair Parts,,This replacement component is engineered for reliable performance and long-term durability. It installs cleanly and supports smooth operation in a wide range of window and door systems. Got Questions? Not sure what you need? Feel free to email: info@truthentrygard.com NOT SURE WHAT YOU NEED?!? EMAIL PICTURES AND WE WILL GET YOU TAKEN CARE OF! Designed for consistent fit and dependable function in residential and commercial applications.,,,https://truthentrygard.com/product/pella-windows-and-doors-replacement-and-repair-parts/,truthentrygard
,simple,AWDP-TEG-ROLLING-PATIO-DOOR-ADJUSTMENT,Rolling Patio Door Adjustment,,This replacement component is engineered for reliable performance and long-term durability. It installs cleanly and supports smooth operation in a wide range of window and door systems. Rolling Hole Plugs Designed for consistent fit and dependable function in residential and commercial applications.,1.18,,https://truthentrygard.com/product/rolling-patio-door-adjustment/,truthentrygard
,simple,AWDP-TEG-DOUBLE-HUNG-WOOD-SASH-LOW-E-GLAS,Double Hung Wood Sash-Low E Glass,,"This replacement component is engineered for reliable performance and long-term durability. It installs cleanly and supports smooth operation in a wide range of window and door systems. For questions or concerns, feel free to reach out to info@truthentrygard.com Designed for consistent fit and dependable function in residential and commercial applications.",,,https://truthentrygard.com/product/replacement-double-hung-wood-sash-with-low-e-glass/,truthentrygard
,simple,AWDP-TEG-ROLLING-PATIO-DOOR-FOOTBOLT,Rolling Patio Door Footbolt,,,121.88,,https://truthentrygard.com/product/rolling-patio-door-footbolt/,truthentrygard
,simple,AWDP-TEG-ROLLING-PATIO-DOOR-LOCKING-MECHA,Rolling Patio Door Locking Mechanism,,,40.63,,https://truthentrygard.com/product/rolling-patio-door-locking-mechanism/,truthentrygard
,simple,AWDP-TEG-ROLLING-PATIO-DOOR-STRIKE-PLATE,Rolling Patio Door Strike Plate,,,20.32,,https://truthentrygard.com/product/rolling-patio-door-strike-plate/,truthentrygard
,simple,AWDP-TEG-SASH-CARRIER-TRACK-JAMBLINER-KIT,Sash Carrier Track | Jambliner Kits,,"This replacement component is engineered for reliable performance and long-term durability. It installs cleanly and supports smooth operation in a wide range of window and door systems. For questions or concerns, please contact info@truthentrygard.com Designed for consistent fit and dependable function in residential and commercial applications.",299.52,,https://truthentrygard.com/product/sash-carrier-track-jambliner-kits-caradco-biltbest-marvin-wenco/,truthentrygard
,simple,AWDP-TEG-DOUBLE-HUNG-WOOD-SASH-STANDARD-G,Double Hung Wood Sash-Standard Glass,,"This replacement component is engineered for reliable performance and long-term durability. It installs cleanly and supports smooth operation in a wide range of window and door systems. This product is made with standard glass. Also available with low e glass. We offer various types of grilles: Grilles sealed in the insulating glass, and three sizes of SDL (Grilles permanently applied to the interior and exterior of the glass). If your window requires grilles please contact us for pricing. Designed for consistent fit and dependable function in residential and commercial applications.",,,https://truthentrygard.com/product/replacement-double-hung-wood-sash-with-standard-glass/,truthentrygard
,simple,AWDP-TEG-WINDOW-HARDWARE-PARTS-SLIMFOLD-S,"Window Hardware Parts – SLIMFOLD, STANLEY, THERMALGARD, TRACO",,"This replacement component is engineered for reliable performance and long-term durability. It installs cleanly and supports smooth operation in a wide range of window and door systems. Window Split Arm Operators, Latches, Keepers, Hinges and Slide Track Hardware Parts Designed for consistent fit and dependable function in residential and commercial applications.",2.7,,https://truthentrygard.com/product/window-hardware-parts-slimfold-stanley-thermalgard-traco/,truthentrygard
,simple,AWDP-TEG-TRUTH-MAXIM-SERIES-DUAL-ARM-OPER,Truth Maxim Series Dual Arm Operators | Right & Left-Handed Options and Various Finishes,,This replacement component is engineered for reliable performance and long-term durability. It installs cleanly and supports smooth operation in a wide range of window and door systems. Got Questions? Not sure what you need? Feel free to email: info@truthentrygard.com NOT SURE WHAT YOU NEED?!? EMAIL PICTURES AND WE WILL GET YOU TAKEN CARE OF! Designed for consistent fit and dependable function in residential and commercial applications.,88.88,,https://truthentrygard.com/product/truth-maxim-series-dual-arm-operators-right-left-handed-options-and-various-finishes/,truthentrygard
,simple,AWDP-TEG-WINDOW-NAILING-FLANGE-FIN-REPLAC,Window Nailing Flange / Fin Replacement Parts,,"This replacement component is engineered for reliable performance and long-term durability. It installs cleanly and supports smooth operation in a wide range of window and door systems. For questions or concerns, please contact info@truthentrygard.com Designed for consistent fit and dependable function in residential and commercial applications.",116.3,,https://truthentrygard.com/product/window-nailing-flange-fin-replacement-part-72/,truthentrygard
,simple,AWDP-TEG-WINDOW-WEATHERSTRIP-VERTICAL-L-O,"Window Weatherstrip, Vertical L Offset – 100′ Roll",,"This replacement component is engineered for reliable performance and long-term durability. It installs cleanly and supports smooth operation in a wide range of window and door systems. For questions or concerns, please contact info@truthentrygard.com Designed for consistent fit and dependable function in residential and commercial applications.",133.49,,https://truthentrygard.com/product/window-weatherstrip-vertical-l-offset-100-roll/,truthentrygard
,simple,AWDP-TEG-REPLACEMENT-DOUBLE-HUNG-CLAD-SAS,Replacement Double Hung Clad Sash With Standard Glass,,"This replacement component is engineered for reliable performance and long-term durability. It installs cleanly and supports smooth operation in a wide range of window and door systems. For questions or concerns, please contact info@truthentrygard.com Designed for consistent fit and dependable function in residential and commercial applications.",,,https://truthentrygard.com/product/replacement-double-hung-clad-sash-with-standard-glass/,truthentrygard
,simple,AWDP-WF-SLIDING-DOOR-TRACK-94-75IN-VI-FO,SLIDING DOOR TRACK  94.75in VI FOR VINYL DOORS,,,,"AWDP-WF-SLIDING-DOOR-TRACK-94-75IN-VI-FO_784538b2968802d9eeeb79239679ce85.jpg,AWDP-WF-SLIDING-DOOR-TRACK-94-75IN-VI-FO_1d14ad7a72dc4c4f73dce9514e85de5f.jpg",https://wefixitusa.forpartsnow.com/inventory/product.php?inventoryID=3786&classID=328,wefixitusa
,simple,AWDP-WF-SCREEN-LATCH-ASSEMBLY,Screen Latch Assembly,,,,"AWDP-WF-SCREEN-LATCH-ASSEMBLY_95da3d5a5d55188015bd146f02a4e040.jpg,AWDP-WF-SCREEN-LATCH-ASSEMBLY_1d14ad7a72dc4c4f73dce9514e85de5f.jpg",https://wefixitusa.forpartsnow.com/inventory/product.php?inventoryID=39560&classID=328,wefixitusa
,simple,AWDP-WF-SCREEN-HANDLE-ASSEMBLY-PSL-9,Screen Handle Assembly PSL 9,,,,"AWDP-WF-SCREEN-HANDLE-ASSEMBLY-PSL-9_2dcd5f4e7d0443752c4d338e116e0670.jpg,AWDP-WF-SCREEN-HANDLE-ASSEMBLY-PSL-9_1d14ad7a72dc4c4f73dce9514e85de5f.jpg",https://wefixitusa.forpartsnow.com/inventory/product.php?inventoryID=39563&classID=328,wefixitusa
,simple,AWDP-WF-TOP-HUNG-ROLLER-BRACKET-ASSEMBLY,Top Hung Roller & Bracket Assembly,,,,"AWDP-WF-TOP-HUNG-ROLLER-BRACKET-ASSEMBLY_1d14ad7a72dc4c4f73dce9514e85de5f.jpg,AWDP-WF-TOP-HUNG-ROLLER-BRACKET-ASSEMBLY_7aca6a943f0974624795bc5328e91031.jpg",https://wefixitusa.forpartsnow.com/inventory/product.php?inventoryID=39683&classID=328,wefixitusa
,simple,AWDP-WF-PATIO-SCREEN-HANDLE-ASSEMBLY,Patio Screen Handle Assembly,,,,"AWDP-WF-PATIO-SCREEN-HANDLE-ASSEMBLY_1d14ad7a72dc4c4f73dce9514e85de5f.jpg,AWDP-WF-PATIO-SCREEN-HANDLE-ASSEMBLY_52702c4bf733f8f348108fd697050812.jpg",https://wefixitusa.forpartsnow.com/inventory/product.php?inventoryID=39740&classID=328,wefixitusa
,simple,AWDP-WF-PATIO-SCREEN-DOOR-ROLLER-ASSY-1I,Patio Screen Door Roller Assy. 1in Nylon Wheel,,,,"AWDP-WF-PATIO-SCREEN-DOOR-ROLLER-ASSY-1I_1d14ad7a72dc4c4f73dce9514e85de5f.jpg,AWDP-WF-PATIO-SCREEN-DOOR-ROLLER-ASSY-1I_7e30a6d4dcda524015aef17b3ca70dd2.jpg",https://wefixitusa.forpartsnow.com/inventory/product.php?inventoryID=39666&classID=328,wefixitusa
,simple,AWDP-WF-ONE-TOOL-COMES-WITH-3-WHEELS-ALS,One Tool Comes With 3 Wheels Also Stores 5 Razor Blades,,,,"AWDP-WF-ONE-TOOL-COMES-WITH-3-WHEELS-ALS_1d14ad7a72dc4c4f73dce9514e85de5f.jpg,AWDP-WF-ONE-TOOL-COMES-WITH-3-WHEELS-ALS_b4e26696f5d99534ab89180f513ba701.jpg",https://wefixitusa.forpartsnow.com/inventory/product.php?inventoryID=40153&classID=328,wefixitusa
,simple,AWDP-WF-CASE-19OZ-GLASS-GURU-CLEANER,Case 19oz Glass Guru Cleaner,,,,"AWDP-WF-CASE-19OZ-GLASS-GURU-CLEANER_1d14ad7a72dc4c4f73dce9514e85de5f.jpg,AWDP-WF-CASE-19OZ-GLASS-GURU-CLEANER_afc2325f73102260aba2ae01ad74e331.jpg",https://wefixitusa.forpartsnow.com/inventory/product.php?inventoryID=7166&classID=328,wefixitusa
,simple,AWDP-WF-USE-59-137W,USE 59-137W,,,,"AWDP-WF-USE-59-137W_a356bb0b268923ff319a9dde80cba5b5.jpg,AWDP-WF-USE-59-137W_1d14ad7a72dc4c4f73dce9514e85de5f.jpg",https://wefixitusa.forpartsnow.com/inventory/product.php?inventoryID=8705&classID=328,wefixitusa
,simple,AWDP-WF-CARRYMATE-XSPANDER-RUBBER-PADS,CarryMate XSpander Rubber Pads,,,,"AWDP-WF-CARRYMATE-XSPANDER-RUBBER-PADS_a5188011cd11efebbe3ff8fd53dc3a8e.jpg,AWDP-WF-CARRYMATE-XSPANDER-RUBBER-PADS_1d14ad7a72dc4c4f73dce9514e85de5f.jpg",https://wefixitusa.forpartsnow.com/inventory/product.php?inventoryID=7474&classID=328,wefixitusa
,simple,AWDP-WF-CASE-4OZ-GLASS-GURU-CLEANER,Case 4oz Glass Guru Cleaner,,,,"AWDP-WF-CASE-4OZ-GLASS-GURU-CLEANER_565183193550acb585d64ff5aff0406a.jpg,AWDP-WF-CASE-4OZ-GLASS-GURU-CLEANER_1d14ad7a72dc4c4f73dce9514e85de5f.jpg",https://wefixitusa.forpartsnow.com/inventory/product.php?inventoryID=7363&classID=328,wefixitusa
,simple,AWDP-WF-RTV2-SILICONE-CLEAR-CARTRIDGE,RTV2 Silicone Clear Cartridge,,,,"AWDP-WF-RTV2-SILICONE-CLEAR-CARTRIDGE_3bb8e9766650fc788d2e9d2d419ca8e0.jpg,AWDP-WF-RTV2-SILICONE-CLEAR-CARTRIDGE_1d14ad7a72dc4c4f73dce9514e85de5f.jpg",https://wefixitusa.forpartsnow.com/inventory/product.php?inventoryID=8954&classID=328,wefixitusa
,simple,AWDP-WF-LATCH-SPRING,LATCH SPRING,,,,"AWDP-WF-LATCH-SPRING_07ce5d2fa4e893d1e5dc0a2f966bc839.jpg,AWDP-WF-LATCH-SPRING_1d14ad7a72dc4c4f73dce9514e85de5f.jpg",https://wefixitusa.forpartsnow.com/inventory/product.php?inventoryID=39879&classID=328,wefixitusa
,simple,AWDP-WF-GLAZING-AND-BUILDING-SILICONE,GLAZING AND BUILDING SILICONE,,,,"AWDP-WF-GLAZING-AND-BUILDING-SILICONE_1d14ad7a72dc4c4f73dce9514e85de5f.jpg,AWDP-WF-GLAZING-AND-BUILDING-SILICONE_89f4631c87bb818305306c8e03a49502.jpg",https://wefixitusa.forpartsnow.com/inventory/product.php?inventoryID=8704&classID=328,wefixitusa
,simple,AWDP-WF-BLACK-VINYL-THUMB-SLIDE-13-16,BLACK VINYL THUMB SLIDE 13/16,,,,"AWDP-WF-BLACK-VINYL-THUMB-SLIDE-13-16_2315b6b193e52344202eb16345c47fa5.jpg,AWDP-WF-BLACK-VINYL-THUMB-SLIDE-13-16_1d14ad7a72dc4c4f73dce9514e85de5f.jpg",https://wefixitusa.forpartsnow.com/inventory/product.php?inventoryID=39885&classID=328,wefixitusa
