Category,Subcategory,Original Title,AWDP Title,Length,Weight,Notes
Tilt Balances,Standard,34" TILT BALANCE,34" Tilt Window Balance – Standard Lift,34,,
Tilt Balances,Standard,34in TILT BALANCE W/SHOE,34" Tilt Window Balance with Attached Shoe,34,,
Tilt Balances,Standard,34in TILT BALANCE 20LBS,34" Tilt Window Balance – 20 lb Rating,34,20,
Tilt Balances,Standard,34in TILT BALANCE 25LBS,34" Tilt Window Balance – 25 lb Rating,34,25,
Tilt Balances,Standard,34in TILT BALANCE 30LBS,34" Tilt Window Balance – 30 lb Rating,34,30,
Tilt Balances,Standard,34in TILT BALANCE 35LBS,34" Tilt Window Balance – 35 lb Rating,34,35,
Tilt Balances,Standard,34in TILT BALANCE 40LBS,34" Tilt Window Balance – 40 lb Rating,34,40,
Tilt Balances,Standard,35" TILT BALANCE,35" Tilt Window Balance – Standard Lift,35,,
Tilt Balances,Standard,35in TILT BALANCE W/SHOE,35" Tilt Window Balance with Attached Shoe,35,,
Tilt Balances,Standard,35in TILT BALANCE 20LBS,35" Tilt Window Balance – 20 lb Rating,35,20,
Tilt Balances,Standard,35in TILT BALANCE 25LBS,35" Tilt Window Balance – 25 lb Rating,35,25,
Tilt Balances,Standard,35in TILT BALANCE 30LBS,35" Tilt Window Balance – 30 lb Rating,35,30,
Tilt Balances,Standard,35in TILT BALANCE 35LBS,35" Tilt Window Balance – 35 lb Rating,35,35,
Tilt Balances,Standard,35in TILT BALANCE 40LBS,35" Tilt Window Balance – 40 lb Rating,35,40,
Tilt Balances,Standard,36" TILT BALANCE,36" Tilt Window Balance – Standard Lift,36,,
Tilt Balances,Standard,36in TILT BALANCE W/SHOE,36" Tilt Window Balance with Attached Shoe,36,,
Tilt Balances,Standard,36in TILT BALANCE 20LBS,36" Tilt Window Balance – 20 lb Rating,36,20,
Tilt Balances,Standard,36in TILT BALANCE 25LBS,36" Tilt Window Balance – 25 lb Rating,36,25,
Tilt Balances,Standard,36in TILT BALANCE 30LBS,36" Tilt Window Balance – 30 lb Rating,36,30,
Tilt Balances,Standard,36in TILT BALANCE 35LBS,36" Tilt Window Balance – 35 lb Rating,36,35,
Tilt Balances,Standard,36in TILT BALANCE 40LBS,36" Tilt Window Balance – 40 lb Rating,36,40,
Tilt Balances,Inverted,34" INVERTED TILT BALANCE,34" Inverted Tilt Window Balance – Tilt-Assist Design,34,,
Tilt Balances,Inverted,34in INVERTED BALANCE,34" Inverted Tilt Window Balance,34,,
Tilt Balances,Inverted,35" INVERTED TILT BALANCE,35" Inverted Tilt Window Balance – Tilt-Assist Design,35,,
Tilt Balances,Inverted,36" INVERTED TILT BALANCE,36" Inverted Tilt Window Balance – Tilt-Assist Design,36,,
2-Spring Balances,Standard,34in 2 SPRING BALANCE 18LBS,34" Dual-Spring Balance – 18 lb Rating,34,18,
2-Spring Balances,Standard,34in 2 SPRING BALANCE 20LBS,34" Dual-Spring Balance – 20 lb Rating,34,20,
2-Spring Balances,Standard,34in 2 SPRING BALANCE 22LBS,34" Dual-Spring Balance – 22 lb Rating,34,22,
2-Spring Balances,Standard,34in 2 SPRING BALANCE 32LBS,34" Dual-Spring Balance – 32 lb Rating,34,32,
2-Spring Balances,Standard,34in 2 SPRING BALANCE 34LBS,34" Dual-Spring Balance – 34 lb Rating,34,34,
2-Spring Balances,Standard,34in 2 SPRING BALANCE 36LBS,34" Dual-Spring Balance – 36 lb Rating,34,36,
2-Spring Balances,Standard,34in 2 SPRING BALANCE 42LBS,34" Dual-Spring Balance – 42 lb Rating,34,42,
2-Spring Balances,Standard,34in 2 SPRING BALANCE 47LBS,34" Dual-Spring Balance – 47 lb Rating,34,47,
2-Spring Balances,Standard,34in 2 SPRING BALANCE 49LBS,34" Dual-Spring Balance – 49 lb Rating,34,49,
2-Spring Balances,Standard,34in 2 SPRING BALANCE 52LBS,34" Dual-Spring Balance – 52 lb Rating,34,52,
2-Spring Balances,Standard,34in 2 SPRING BALANCE 55LBS,34" Dual-Spring Balance – 55 lb Rating,34,55,
2-Spring Balances,Standard,35in 2 SPRING BALANCE 18LBS,35" Dual-Spring Balance – 18 lb Rating,35,18,
2-Spring Balances,Standard,35in 2 SPRING BALANCE 20LBS,35" Dual-Spring Balance – 20 lb Rating,35,20,
2-Spring Balances,Standard,35in 2 SPRING BALANCE 22LBS,35" Dual-Spring Balance – 22 lb Rating,35,22,
2-Spring Balances,Standard,35in 2 SPRING BALANCE 32LBS,35" Dual-Spring Balance – 32 lb Rating,35,32,
2-Spring Balances,Standard,35in 2 SPRING BALANCE 34LBS,35" Dual-Spring Balance – 34 lb Rating,35,34,
2-Spring Balances,Standard,35in 2 SPRING BALANCE 36LBS,35" Dual-Spring Balance – 36 lb Rating,35,36,
2-Spring Balances,Standard,36in 2 SPRING BALANCE 18LBS,36" Dual-Spring Balance – 18 lb Rating,36,18,
2-Spring Balances,Standard,36in 2 SPRING BALANCE 20LBS,36" Dual-Spring Balance – 20 lb Rating,36,20,
2-Spring Balances,Standard,36in 2 SPRING BALANCE 22LBS,36" Dual-Spring Balance – 22 lb Rating,36,22,
2-Spring Balances,Standard,36in 2 SPRING BALANCE 32LBS,36" Dual-Spring Balance – 32 lb Rating,36,32,
2-Spring Balances,Standard,36in 2 SPRING BALANCE 34LBS,36" Dual-Spring Balance – 34 lb Rating,36,34,
2-Spring Balances,Standard,36in 2 SPRING BALANCE 36LBS,36" Dual-Spring Balance – 36 lb Rating,36,36,
4-Spring Balances,Heavy-Duty,34in 4 SPRING BALANCE 35LBS,34" Quad-Spring Balance – 35 lb Rating,34,35,
4-Spring Balances,Heavy-Duty,34in 4 SPRING BALANCE 40LBS,34" Quad-Spring Balance – 40 lb Rating,34,40,
4-Spring Balances,Heavy-Duty,34in 4 SPRING BALANCE 49LBS,34" Quad-Spring Balance – 49 lb Rating,34,49,
4-Spring Balances,Heavy-Duty,34in 4 SPRING BALANCE 52LBS,34" Quad-Spring Balance – 52 lb Rating,34,52,
4-Spring Balances,Heavy-Duty,34in 4 SPRING BALANCE 55LBS,34" Quad-Spring Balance – 55 lb Rating,34,55,
4-Spring Balances,Heavy-Duty,34in 4 SPRING BALANCE 57LBS,34" Quad-Spring Balance – 57 lb Rating,34,57,
4-Spring Balances,Heavy-Duty,34in 4 SPRING BALANCE 86LBS,34" Quad-Spring Balance – 86 lb Rating,34,86,
4-Spring Balances,Heavy-Duty,34in 4 SPRING BALANCE 88LBS,34" Quad-Spring Balance – 88 lb Rating,34,88,
4-Spring Balances,Heavy-Duty,34in 4 SPRING BALANCE 95LBS,34" Quad-Spring Balance – 95 lb Rating,34,95,
4-Spring Balances,Heavy-Duty,35in 4 SPRING BALANCE 35LBS,35" Quad-Spring Balance – 35 lb Rating,35,35,
4-Spring Balances,Heavy-Duty,35in 4 SPRING BALANCE 40LBS,35" Quad-Spring Balance – 40 lb Rating,35,40,
4-Spring Balances,Heavy-Duty,35in 4 SPRING BALANCE 49LBS,35" Quad-Spring Balance – 49 lb Rating,35,49,
4-Spring Balances,Heavy-Duty,35in 4 SPRING BALANCE 52LBS,35" Quad-Spring Balance – 52 lb Rating,35,52,
4-Spring Balances,Heavy-Duty,35in 4 SPRING BALANCE 55LBS,35" Quad-Spring Balance – 55 lb Rating,35,55,
4-Spring Balances,Heavy-Duty,36in 4 SPRING BALANCE 35LBS,36" Quad-Spring Balance – 35 lb Rating,36,35,
4-Spring Balances,Heavy-Duty,36in 4 SPRING BALANCE 40LBS,36" Quad-Spring Balance – 40 lb Rating,36,40,
4-Spring Balances,Heavy-Duty,36in 4 SPRING BALANCE 49LBS,36" Quad-Spring Balance – 49 lb Rating,36,49,
4-Spring Balances,Heavy-Duty,36in 4 SPRING BALANCE 52LBS,36" Quad-Spring Balance – 52 lb Rating,36,52,
4-Spring Balances,Heavy-Duty,36in 4 SPRING BALANCE 55LBS,36" Quad-Spring Balance – 55 lb Rating,36,55,
Ranger 7800 Series,Standard,34" 7800 RANGER BALANCE,34" Ranger-Series Heavy-Duty Balance,34,,
Ranger 7800 Series,Standard,34in 7800 RANGER BALANCE 45LBS,34" Ranger-Series Heavy-Duty Balance – 45 lb Rating,34,45,
Ranger 7800 Series,Standard,34in HD 7800 BALANCE,34" Ranger-Series Heavy-Duty Balance,34,,Merged HD/TGX/TG
Ranger 7800 Series,Standard,35" 7800 RANGER BALANCE,35" Ranger-Series Heavy-Duty Balance,35,,
Ranger 7800 Series,Standard,35in 7800 RANGER BALANCE 45LBS,35" Ranger-Series Heavy-Duty Balance – 45 lb Rating,35,45,
Ranger 7800 Series,Standard,36" 7800 RANGER BALANCE,36" Ranger-Series Heavy-Duty Balance,36,,
Ranger 7800 Series,Standard,36in 7800 RANGER BALANCE 45LBS,36" Ranger-Series Heavy-Duty Balance – 45 lb Rating,36,45,
Ranger 7800 Series,Standard,37" 7800 RANGER BALANCE,37" Ranger-Series Heavy-Duty Balance,37,,
Ranger 7800 Series,Standard,37in 7800 RANGER BALANCE 45LBS,37" Ranger-Series Heavy-Duty Balance – 45 lb Rating,37,45,
Ranger 7800 Series,Standard,38" 7800 RANGER BALANCE,38" Ranger-Series Heavy-Duty Balance,38,,
Ranger 7800 Series,Standard,38in 7800 RANGER BALANCE 45LBS,38" Ranger-Series Heavy-Duty Balance – 45 lb Rating,38,45,
Ranger 7800 Series,Standard,39" 7800 RANGER BALANCE,39" Ranger-Series Heavy-Duty Balance,39,,
Ranger 7800 Series,Standard,39in 7800 RANGER BALANCE 45LBS,39" Ranger-Series Heavy-Duty Balance – 45 lb Rating,39,45,
Ranger 7800 Series,Standard,40" 7800 RANGER BALANCE,40" Ranger-Series Heavy-Duty Balance,40,,
Ranger 7800 Series,Standard,40in 7800 RANGER BALANCE 45LBS,40" Ranger-Series Heavy-Duty Balance – 45 lb Rating,40,45,
Rusco,Standard,34" RUSCO BALANCE,34" Rusco-Style Window Balance,34,,
Rusco,Standard,34in RUSCO BALANCE W/ENDS,34" Rusco-Style Window Balance with End Clips,34,,
Rusco,Standard,35" RUSCO BALANCE,35" Rusco-Style Window Balance,35,,
Rusco,Standard,36" RUSCO BALANCE,36" Rusco-Style Window Balance,36,,
Rusco,Standard,37" RUSCO BALANCE,37" Rusco-Style Window Balance,37,,
Rusco,Standard,38" RUSCO BALANCE,38" Rusco-Style Window Balance,38,,
Rusco,Standard,39" RUSCO BALANCE,39" Rusco-Style Window Balance,39,,
Rusco,Standard,40" RUSCO BALANCE,40" Rusco-Style Window Balance,40,,
WM Overhead,Standard,34" WM OVERHEAD BALANCE,34" WM-Series Overhead Balance,34,,
WM Overhead,Standard,35" WM OVERHEAD BALANCE,35" WM-Series Overhead Balance,35,,
WM Overhead,Standard,36" WM OVERHEAD BALANCE,36" WM-Series Overhead Balance,36,,
WM Overhead,Standard,37" WM OVERHEAD BALANCE,37" WM-Series Overhead Balance,37,,
WM Overhead,Standard,38" WM OVERHEAD BALANCE,38" WM-Series Overhead Balance,38,,
WM Overhead,Standard,39" WM OVERHEAD BALANCE,39" WM-Series Overhead Balance,39,,
WM Overhead,Standard,40" WM OVERHEAD BALANCE,40" WM-Series Overhead Balance,40,,
Constant Force,Spring,CONSTANT FORCE SPRING 3LB,Constant-Force Window Spring – 3 lb Rating,,3,
Constant Force,Spring,CONSTANT FORCE SPRING 5LB,Constant-Force Window Spring – 5 lb Rating,,5,
Constant Force,Spring,CONSTANT FORCE SPRING 7LB,Constant-Force Window Spring – 7 lb Rating,,7,
Constant Force,Spring,CONSTANT FORCE SPRING 10LB,Constant-Force Window Spring – 10 lb Rating,,10,
Spiral Balances,Tube,SPIRAL BALANCE 24",24" Spiral Tube Window Balance,24,,
Spiral Balances,Tube,SPIRAL BALANCE 28",28" Spiral Tube Window Balance,28,,
Spiral Balances,Tube,SPIRAL BALANCE 30",30" Spiral Tube Window Balance,30,,
Spiral Balances,Tube,SPIRAL BALANCE 34",34" Spiral Tube Window Balance,34,,
Spiral Balances,Tube,SPIRAL BALANCE 36",36" Spiral Tube Window Balance,36,,
Jamb Liners,Track,34" JAMB LINER SET,34" Window Jamb Liner Set,34,,
Jamb Liners,Track,35" JAMB LINER SET,35" Window Jamb Liner Set,35,,
Jamb Liners,Track,36" JAMB LINER SET,36" Window Jamb Liner Set,36,,
Jamb Liners,Track,37" JAMB LINER SET,37" Window Jamb Liner Set,37,,
Jamb Liners,Track,38" JAMB LINER SET,38" Window Jamb Liner Set,38,,
Jamb Liners,Track,39" JAMB LINER SET,39" Window Jamb Liner Set,39,,
Jamb Liners,Track,40" JAMB LINER SET,40" Window Jamb Liner Set,40,,
Jamb Liners,Track,JAMB LINER CLIP,Window Jamb Liner Clip,,,Accessory
Jamb Liners,Track,JAMB LINER BRACKET,Window Jamb Liner Bracket,,,Accessory
Tilt Hardware,Pivot Shoe,1-1/4" PIVOT SHOE,1-1/4" Window Pivot Shoe,,,
Tilt Hardware,Pivot Shoe,1-1/4" T-LOCK SHOE,1-1/4" T-Lock Tilt Shoe,,,
Tilt Hardware,Pivot Shoe,1-1/4" BLUE SHOE,1-1/4" Tilt Shoe – Blue Insert,,,
Tilt Hardware,Pivot Shoe,1-1/4" RED SHOE,1-1/4" Tilt Shoe – Red Insert,,,
Tilt Hardware,Pivot Shoe,1-1/4" BLACK SHOE,1-1/4" Tilt Shoe – Black Insert,,,
Tilt Hardware,Pivot Bar,PIVOT BAR 2",2" Window Pivot Bar,,,
Tilt Hardware,Pivot Bar,PIVOT BAR 3",3" Window Pivot Bar,,,
Tilt Hardware,Pivot Bar,PIVOT BAR 4",4" Window Pivot Bar,,,
Tilt Hardware,Tilt Latch,TILT LATCH LEFT,Left-Hand Tilt Latch,,,
Tilt Hardware,Tilt Latch,TILT LATCH RIGHT,Right-Hand Tilt Latch,,,
Sash Hardware,Guide,SASH GUIDE 1",1" Window Sash Guide,,,
Sash Hardware,Guide,SASH GUIDE 2",2" Window Sash Guide,,,
Sash Hardware,Cam,SASH CAM WHITE,White Window Sash Cam,,,
Sash Hardware,Cam,SASH CAM BLACK,Black Window Sash Cam,,,
Sash Hardware,Bracket,STUD BRACKET,Window Stud Bracket,,,
Sash Hardware,Bracket,STUD BRACKET HEAVY DUTY,Heavy-Duty Window Stud Bracket,,,
Operators,EntryGard,TRUTH ENTRYGARD OPERATOR LH,Left-Hand EntryGard Casement Operator,,,
Operators,EntryGard,TRUTH ENTRYGARD OPERATOR RH,Right-Hand EntryGard Casement Operator,,,
Operators,EntryGard,ENTRYGARD OPERATOR LH WHITE,Left-Hand EntryGard Casement Operator – White Finish,,,
Operators,EntryGard,ENTRYGARD OPERATOR RH WHITE,Right-Hand EntryGard Casement Operator – White Finish,,,
Operators,EntryGard,ENTRYGARD OPERATOR LH BRONZE,Left-Hand EntryGard Casement Operator – Bronze Finish,,,
Operators,EntryGard,ENTRYGARD OPERATOR RH BRONZE,Right-Hand EntryGard Casement Operator – Bronze Finish,,,
Operators,Encore,TRUTH ENCORE OPERATOR LH,Left-Hand Encore Casement Operator,,,
Operators,Encore,TRUTH ENCORE OPERATOR RH,Right-Hand Encore Casement Operator,,,
Operators,Encore,ENCORE OPERATOR LH WHITE,Left-Hand Encore Casement Operator – White Finish,,,
Operators,Encore,ENCORE OPERATOR RH WHITE,Right-Hand Encore Casement Operator – White Finish,,,
Operators,Encore,ENCORE OPERATOR LH BRONZE,Left-Hand Encore Casement Operator – Bronze Finish,,,
Operators,Encore,ENCORE OPERATOR RH BRONZE,Right-Hand Encore Casement Operator – Bronze Finish,,,
Operators,Maxim,TRUTH MAXIM OPERATOR LH,Left-Hand Maxim Casement Operator,,,
Operators,Maxim,TRUTH MAXIM OPERATOR RH,Right-Hand Maxim Casement Operator,,,
Operators,Maxim,MAXIM OPERATOR LH WHITE,Left-Hand Maxim Casement Operator – White Finish,,,
Operators,Maxim,MAXIM OPERATOR RH WHITE,Right-Hand Maxim Casement Operator – White Finish,,,
Operators,Maxim,MAXIM OPERATOR LH BRONZE,Left-Hand Maxim Casement Operator – Bronze Finish,,,
Operators,Maxim,MAXIM OPERATOR RH BRONZE,Right-Hand Maxim Casement Operator – Bronze Finish,,,
Operators,Dyad,TRUTH DYAD OPERATOR LH,Left-Hand Dyad Casement Operator,,,
Operators,Dyad,TRUTH DYAD OPERATOR RH,Right-Hand Dyad Casement Operator,,,
Operators,Dyad,DYAD OPERATOR LH WHITE,Left-Hand Dyad Casement Operator – White Finish,,,
Operators,Dyad,DYAD OPERATOR RH WHITE,Right-Hand Dyad Casement Operator – White Finish,,,
Operators,Dyad,DYAD OPERATOR LH BRONZE,Left-Hand Dyad Casement Operator – Bronze Finish,,,
Operators,Dyad,DYAD OPERATOR RH BRONZE,Right-Hand Dyad Casement Operator – Bronze Finish,,,
Operators,Split Arm,TRUTH SPLIT ARM OPERATOR LH,Left-Hand Split-Arm Casement Operator,,,
Operators,Split Arm,TRUTH SPLIT ARM OPERATOR RH,Right-Hand Split-Arm Casement Operator,,,
Operators,Rear Mount,TRUTH REAR MOUNT OPERATOR LH,Left-Hand Rear-Mount Casement Operator,,,
Operators,Rear Mount,TRUTH REAR MOUNT OPERATOR RH,Right-Hand Rear-Mount Casement Operator,,,
Operators,Awning,TRUTH AWNING OPERATOR,Awning Window Operator,,,
Operators,Awning,AWNING OPERATOR WHITE,Awning Window Operator – White Finish,,,
Operators,Awning,AWNING OPERATOR BRONZE,Awning Window Operator – Bronze Finish,,,
Operators,Handles,TRUTH CRANK HANDLE,Universal Casement Crank Handle,,,
Operators,Handles,TRUTH FOLDING HANDLE,Folding Casement Operator Handle,,,
Operators,Handles,TANGO HANDLE,Tango-Style Casement Operator Handle,,,
Operators,Handles,CONTOUR HANDLE,Contour-Style Casement Operator Handle,,,
Operators,Covers,OPERATOR COVER WHITE,Operator Cover – White Finish,,,
Operators,Covers,OPERATOR COVER BRONZE,Operator Cover – Bronze Finish,,,
Operators,Covers,OPERATOR COVER BEIGE,Operator Cover – Beige Finish,,,
Operators,Tie Bars,TRUTH TIE BAR 10.9",10.9" Multipoint Tie Bar,,,
Operators,Tie Bars,TRUTH TIE BAR 14.9",14.9" Multipoint Tie Bar,,,
Operators,Tie Bars,TRUTH TIE BAR 22.9",22.9" Multipoint Tie Bar,,,
Operators,Tie Bars,TRUTH TIE BAR 30.9",30.9" Multipoint Tie Bar,,,
Operators,Tie Bars,TRUTH TIE BAR 36.9",36.9" Multipoint Tie Bar,,,
Operators,Tie Bars,TRUTH TIE BAR 50.9",50.9" Multipoint Tie Bar,,,
Operators,Tie Bars,TRUTH TIE BAR 70.9",70.9" Multipoint Tie Bar,,,
Hinges,Egress,TRUTH EGRESS HINGE LH,Left-Hand Egress Casement Hinge,,,
Hinges,Egress,TRUTH EGRESS HINGE RH,Right-Hand Egress Casement Hinge,,,
Hinges,Standard,TRUTH HINGE LH,Left-Hand Casement Hinge,,,
Hinges,Standard,TRUTH HINGE RH,Right-Hand Casement Hinge,,,
Hinges,Standard,CASEMENT HINGE LH,Left-Hand Casement Hinge,,,
Hinges,Standard,CASEMENT HINGE RH,Right-Hand Casement Hinge,,,
Hinges,Stainless,STAINLESS CASEMENT HINGE LH,Left-Hand Stainless Casement Hinge,,,
Hinges,Stainless,STAINLESS CASEMENT HINGE RH,Right-Hand Stainless Casement Hinge,,,
Hinges,Awning,AWNING HINGE 10",10" Awning Window Hinge,10,,
Hinges,Awning,AWNING HINGE 14",14" Awning Window Hinge,14,,
Hinges,Awning,AWNING HINGE 20",20" Awning Window Hinge,20,,
Locks,Sash Lock,SASH LOCK WHITE,White Window Sash Lock,,,
Locks,Sash Lock,SASH LOCK BRONZE,Bronze Window Sash Lock,,,
Locks,Sash Lock,SASH LOCK BEIGE,Beige Window Sash Lock,,,
Locks,Sash Lock,SASH LOCK BLACK,Black Window Sash Lock,,,
Locks,Sash Lock,TRUTH SASH LOCK,Truth-Style Window Sash Lock,,,
Locks,Sash Lock,LOW PROFILE SASH LOCK,Low-Profile Window Sash Lock,,,
Locks,Keeper,SASH KEEPER WHITE,White Window Keeper,,,
Locks,Keeper,SASH KEEPER BRONZE,Bronze Window Keeper,,,
Locks,Keeper,SASH KEEPER BEIGE,Beige Window Keeper,,,
Locks,Keeper,SASH KEEPER BLACK,Black Window Keeper,,,
Locks,Keeper,TRUTH SASH KEEPER,Truth-Style Window Keeper,,,
Locks,Keeper,LOW PROFILE SASH KEEPER,Low-Profile Window Keeper,,,
Locks,Multi-Point,TRUTH MULTIPOINT KEEPER,Multipoint Lock Keeper,,,
Locks,Multi-Point,MULTIPOINT STRIKE PLATE,Multipoint Strike Plate,,,
Locks,Multi-Point,MULTIPOINT RECEIVER,Multipoint Lock Receiver,,,
Locks,Casement Lock,CASEMENT LOCK WHITE,White Casement Window Lock,,,
Locks,Casement Lock,CASEMENT LOCK BRONZE,Bronze Casement Window Lock,,,
Locks,Casement Lock,CASEMENT LOCK BEIGE,Beige Casement Window Lock,,,
Locks,Casement Lock,CASEMENT LOCK BLACK,Black Casement Window Lock,,,
Locks,Awning Lock,AWNING LOCK WHITE,White Awning Window Lock,,,
Locks,Awning Lock,AWNING LOCK BRONZE,Bronze Awning Window Lock,,,
Locks,Awning Lock,AWNING LOCK BEIGE,Beige Awning Window Lock,,,
Locks,Awning Lock,AWNING LOCK BLACK,Black Awning Window Lock,,,
Weatherseal,Kerf Bulb,KERF BULB SEAL WHITE,White Kerf-Insert Bulb Weatherseal,,,
Weatherseal,Kerf Bulb,KERF BULB SEAL BROWN,Brown Kerf-Insert Bulb Weatherseal,,,
Weatherseal,Kerf Bulb,KERF BULB SEAL BLACK,Black Kerf-Insert Bulb Weatherseal,,,
Weatherseal,Kerf Bulb,KERF BULB SEAL GRAY,Gray Kerf-Insert Bulb Weatherseal,,,
Weatherseal,Kerf Bulb,KERF BULB SEAL 100FT ROLL,Kerf-Insert Bulb Weatherseal – 100 ft Roll,,,
Weatherseal,Foam Bulb,FOAM BULB SEAL WHITE,White Foam Bulb Weatherseal,,,
Weatherseal,Foam Bulb,FOAM BULB SEAL BROWN,Brown Foam Bulb Weatherseal,,,
Weatherseal,Foam Bulb,FOAM BULB SEAL BLACK,Black Foam Bulb Weatherseal,,,
Weatherseal,Foam Bulb,FOAM BULB SEAL GRAY,Gray Foam Bulb Weatherseal,,,
Weatherseal,Foam Bulb,FOAM BULB SEAL 100FT ROLL,Foam Bulb Weatherseal – 100 ft Roll,,,
Weatherseal,Leaf,LEAF WEATHERSEAL WHITE,White Leaf-Style Weatherseal,,,
Weatherseal,Leaf,LEAF WEATHERSEAL BROWN,Brown Leaf-Style Weatherseal,,,
Weatherseal,Leaf,LEAF WEATHERSEAL BLACK,Black Leaf-Style Weatherseal,,,
Weatherseal,Leaf,LEAF WEATHERSEAL GRAY,Gray Leaf-Style Weatherseal,,,
Weatherseal,Q-Lon,Q-LON SEAL WHITE,White Q-Lon Compression Weatherseal,,,
Weatherseal,Q-Lon,Q-LON SEAL BROWN,Brown Q-Lon Compression Weatherseal,,,
Weatherseal,Q-Lon,Q-LON SEAL BLACK,Black Q-Lon Compression Weatherseal,,,
Weatherseal,Q-Lon,Q-LON SEAL GRAY,Gray Q-Lon Compression Weatherseal,,,
Weatherseal,Q-Lon,Q-LON SEAL 100FT ROLL,Q-Lon Compression Weatherseal – 100 ft Roll,,,
Weatherseal,Wool Pile,WOOL PILE 3/16",3/16" Wool Pile Weatherseal,,,
Weatherseal,Wool Pile,WOOL PILE 1/4",1/4" Wool Pile Weatherseal,,,
Weatherseal,Wool Pile,WOOL PILE 5/16",5/16" Wool Pile Weatherseal,,,
Weatherseal,Wool Pile,WOOL PILE 3/8",3/8" Wool Pile Weatherseal,,,
Weatherseal,Wool Pile,WOOL PILE 1/2",1/2" Wool Pile Weatherseal,,,
Weatherseal,Wool Pile,WOOL PILE 100FT ROLL,Wool Pile Weatherseal – 100 ft Roll,,,
Weatherseal,Door Sweep,DOOR SWEEP WHITE,White Door Sweep Weatherseal,,,
Weatherseal,Door Sweep,DOOR SWEEP BROWN,Brown Door Sweep Weatherseal,,,
Weatherseal,Door Sweep,DOOR SWEEP BLACK,Black Door Sweep Weatherseal,,,
Weatherseal,Door Sweep,DOOR SWEEP ALUMINUM,Aluminum Door Sweep Weatherseal,,,
Weatherseal,Door Sweep,DOOR SWEEP 36",36" Door Sweep Weatherseal,36,,
Weatherseal,Door Sweep,DOOR SWEEP 48",48" Door Sweep Weatherseal,48,,
Weatherseal,Corner Seal,CORNER SEAL WHITE,White Corner Seal,,,
Weatherseal,Corner Seal,CORNER SEAL BROWN,Brown Corner Seal,,,
Weatherseal,Corner Seal,CORNER SEAL BLACK,Black Corner Seal,,,
Weatherseal,Corner Seal,CORNER SEAL GRAY,Gray Corner Seal,,,
Patio Door,Roller,PATIO DOOR ROLLER 1",1" Patio Door Roller Assembly,,,
Patio Door,Roller,PATIO DOOR ROLLER 1-1/4",1-1/4" Patio Door Roller Assembly,,,
Patio Door,Roller,PATIO DOOR ROLLER 1-1/2",1-1/2" Patio Door Roller Assembly,,,
Patio Door,Roller,TANDEM ROLLER 1-1/4",1-1/4" Tandem Patio Door Roller,,,
Patio Door,Roller,TANDEM ROLLER 1-1/2",1-1/2" Tandem Patio Door Roller,,,
Patio Door,Mortise Lock,MORTISE LOCK SINGLE POINT,Single-Point Patio Door Mortise Lock,,,
Patio Door,Mortise Lock,MORTISE LOCK DUAL POINT,Dual-Point Patio Door Mortise Lock,,,
Patio Door,Mortise Lock,MORTISE LOCK 45 DEGREE,45-Degree Patio Door Mortise Lock,,,
Patio Door,Mortise Lock,MORTISE LOCK 90 DEGREE,90-Degree Patio Door Mortise Lock,,,
Patio Door,Handle Set,PATIO DOOR HANDLE SET WHITE,White Patio Door Handle Set,,,
Patio Door,Handle Set,PATIO DOOR HANDLE SET BLACK,Black Patio Door Handle Set,,,
Patio Door,Handle Set,PATIO DOOR HANDLE SET BRONZE,Bronze Patio Door Handle Set,,,
Patio Door,Handle Set,PATIO DOOR HANDLE SET BEIGE,Beige Patio Door Handle Set,,,
Patio Door,Keeper,PATIO DOOR KEEPER WHITE,White Patio Door Keeper,,,
Patio Door,Keeper,PATIO DOOR KEEPER BLACK,Black Patio Door Keeper,,,
Patio Door,Keeper,PATIO DOOR KEEPER BRONZE,Bronze Patio Door Keeper,,,
Patio Door,Guide,PATIO DOOR GUIDE TOP,Top Patio Door Guide,,,
Patio Door,Guide,PATIO DOOR GUIDE BOTTOM,Bottom Patio Door Guide,,,
Patio Door,Guide,PATIO DOOR GUIDE SIDE,Side Patio Door Guide,,,
Screen Door,Roller,SCREEN DOOR ROLLER 1",1" Screen Door Roller,,,
Screen Door,Roller,SCREEN DOOR ROLLER 1-1/4",1-1/4" Screen Door Roller,,,
Screen Door,Roller,SCREEN DOOR ROLLER 1-1/2",1-1/2" Screen Door Roller,,,
Screen Door,Corner,SCREEN DOOR CORNER WHITE,White Screen Door Corner,,,
Screen Door,Corner,SCREEN DOOR CORNER BLACK,Black Screen Door Corner,,,
Screen Door,Corner,SCREEN DOOR CORNER BRONZE,Bronze Screen Door Corner,,,
Screen Door,Handle,SCREEN DOOR HANDLE WHITE,White Screen Door Handle,,,
Screen Door,Handle,SCREEN DOOR HANDLE BLACK,Black Screen Door Handle,,,
Screen Door,Handle,SCREEN DOOR HANDLE BRONZE,Bronze Screen Door Handle,,,
Screen Door,Closer,SCREEN DOOR CLOSER WHITE,White Screen Door Closer,,,
Screen Door,Closer,SCREEN DOOR CLOSER BLACK,Black Screen Door Closer,,,
Screen Door,Closer,SCREEN DOOR CLOSER BRONZE,Bronze Screen Door Closer,,,
Screen Door,Guide,SCREEN DOOR GUIDE TOP,Top Screen Door Guide,,,
Screen Door,Guide,SCREEN DOOR GUIDE BOTTOM,Bottom Screen Door Guide,,,
Screen Door,Guide,SCREEN DOOR GUIDE SIDE,Side Screen Door Guide,,,
Misc Hardware,Bracket,WINDOW BRACKET SMALL,Small Window Bracket,,,
Misc Hardware,Bracket,WINDOW BRACKET LARGE,Large Window Bracket,,,
Misc Hardware,Bracket,HEAVY DUTY BRACKET,Heavy-Duty Window Bracket,,,
Misc Hardware,Clip,SPRING CLIP,Window Spring Clip,,,
Misc Hardware,Clip,BALANCE CLIP,Balance Retainer Clip,,,
Misc Hardware,Clip,FRAME CLIP,Window Frame Clip,,,
Misc Hardware,Screw,WINDOW SCREW #6,#6 Window Installation Screw,,,
Misc Hardware,Screw,WINDOW SCREW #8,#8 Window Installation Screw,,,
Misc Hardware,Screw,WINDOW SCREW #10,#10 Window Installation Screw,,,
Misc Hardware,Stop,WINDOW STOP WHITE,White Window Stop,,,
Misc Hardware,Stop,WINDOW STOP BLACK,Black Window Stop,,,
Misc Hardware,Stop,WINDOW STOP BRONZE,Bronze Window Stop,,,
Misc Hardware,Snubber,WINDOW SNUBBER SMALL,Small Window Snubber,,,
Misc Hardware,Snubber,WINDOW SNUBBER LARGE,Large Window Snubber,,,
Misc Hardware,Spacer,WINDOW SPACER 1/8",1/8" Window Spacer,,,
Misc Hardware,Spacer,WINDOW SPACER 1/4",1/4" Window Spacer,,,
Misc Hardware,Spacer,WINDOW SPACER 3/8",3/8" Window Spacer,,,
Misc Hardware,Plug,FRAME PLUG WHITE,White Frame Plug,,,
Misc Hardware,Plug,FRAME PLUG BLACK,Black Frame Plug,,,
Misc Hardware,Plug,FRAME PLUG BRONZE,Bronze Frame Plug,,,
Misc Hardware,Other,MISC HARDWARE KIT,Universal Window Hardware Kit,,,
